id	study_id	disease_group	group	shannon_entropy
#q2:types	categorical	categorical	categorical	numeric
ERR1331785	cfs_giloteaux2016	SFC	Dor Crônica	2.83378894344121
ERR1331792	cfs_giloteaux2016	SFC	Dor Crônica	2.9020021771695
ERR1331808	cfs_giloteaux2016	SFC	Dor Crônica	2.85786982207164
ERR1331819	cfs_giloteaux2016	SFC	Dor Crônica	4.53322265309389
ERR1331820	cfs_giloteaux2016	SFC	Dor Crônica	3.45700337855071
ERR1331821	cfs_giloteaux2016	SFC	Dor Crônica	4.49408474919373
ERR1331822	cfs_giloteaux2016	SFC	Dor Crônica	4.81684526047666
ERR1331823	cfs_giloteaux2016	SFC	Dor Crônica	2.40079790566592
ERR1331824	cfs_giloteaux2016	SFC	Dor Crônica	2.90730537895119
ERR1331825	cfs_giloteaux2016	SFC	Dor Crônica	3.99296458637462
ERR1331826	cfs_giloteaux2016	SFC	Dor Crônica	3.90927751112968
ERR1331827	cfs_giloteaux2016	SFC	Dor Crônica	2.46401868950379
ERR1331828	cfs_giloteaux2016	SFC	Dor Crônica	2.93063959889934
ERR1331831	cfs_giloteaux2016	SFC	Dor Crônica	3.96771887165185
ERR1331834	cfs_giloteaux2016	SFC	Dor Crônica	4.8105524407391
ERR1331835	cfs_giloteaux2016	SFC	Dor Crônica	4.70000788209757
ERR1331836	cfs_giloteaux2016	SFC	Dor Crônica	3.98484470181571
ERR1331837	cfs_giloteaux2016	SFC	Dor Crônica	4.41597067410218
ERR1331840	cfs_giloteaux2016	SFC	Dor Crônica	4.37504546272515
ERR1331841	cfs_giloteaux2016	SFC	Dor Crônica	4.62929009656377
ERR1331850	cfs_giloteaux2016	SFC	Dor Crônica	3.5419853145584
ERR1331854	cfs_giloteaux2016	SFC	Dor Crônica	2.99071849528164
ERR1331855	cfs_giloteaux2016	SFC	Dor Crônica	4.7583067729398
ERR1331858	cfs_giloteaux2016	SFC	Dor Crônica	3.51647128455545
ERR1331860	cfs_giloteaux2016	SFC	Dor Crônica	4.07454472994256
ERR1331862	cfs_giloteaux2016	SFC	Dor Crônica	4.07133316258273
ERR1331863	cfs_giloteaux2016	SFC	Dor Crônica	4.29975750724033
ERR1331864	cfs_giloteaux2016	SFC	Dor Crônica	2.40661775776582
ERR1331865	cfs_giloteaux2016	SFC	Dor Crônica	2.77528268562659
ERR1331867	cfs_giloteaux2016	SFC	Dor Crônica	2.89975792409208
ERR1331872	cfs_giloteaux2016	SFC	Dor Crônica	4.66321105489538
ERR1331786	cfs_giloteaux2016	SFC	Controle	2.03227877841314
ERR1331787	cfs_giloteaux2016	SFC	Controle	2.77254211963835
ERR1331788	cfs_giloteaux2016	SFC	Controle	2.01164663532909
ERR1331789	cfs_giloteaux2016	SFC	Controle	2.40020432394302
ERR1331790	cfs_giloteaux2016	SFC	Controle	2.03844601371147
ERR1331791	cfs_giloteaux2016	SFC	Controle	2.46716674567082
ERR1331793	cfs_giloteaux2016	SFC	Controle	3.05653730610157
ERR1331794	cfs_giloteaux2016	SFC	Controle	2.47544173804468
ERR1331796	cfs_giloteaux2016	SFC	Controle	4.67492824614892
ERR1331797	cfs_giloteaux2016	SFC	Controle	2.92443038325365
ERR1331798	cfs_giloteaux2016	SFC	Controle	2.84138594538406
ERR1331799	cfs_giloteaux2016	SFC	Controle	4.31287224957278
ERR1331802	cfs_giloteaux2016	SFC	Controle	3.70385580415028
ERR1331803	cfs_giloteaux2016	SFC	Controle	3.49331534971429
ERR1331804	cfs_giloteaux2016	SFC	Controle	2.22440943235395
ERR1331805	cfs_giloteaux2016	SFC	Controle	2.35936741506927
ERR1331806	cfs_giloteaux2016	SFC	Controle	4.30448227341857
ERR1331807	cfs_giloteaux2016	SFC	Controle	2.5699081748566
ERR1331809	cfs_giloteaux2016	SFC	Controle	3.05619987901753
ERR1331810	cfs_giloteaux2016	SFC	Controle	3.93892575942726
ERR1331813	cfs_giloteaux2016	SFC	Controle	1.60717775768586
ERR1331832	cfs_giloteaux2016	SFC	Controle	2.49768391370053
ERR1331838	cfs_giloteaux2016	SFC	Controle	3.61742692678571
ERR1331839	cfs_giloteaux2016	SFC	Controle	2.37253089177432
ERR1331844	cfs_giloteaux2016	SFC	Controle	3.72450525122892
ERR1331845	cfs_giloteaux2016	SFC	Controle	4.54021013367591
ERR1331846	cfs_giloteaux2016	SFC	Controle	3.9352882821496
ERR1331847	cfs_giloteaux2016	SFC	Controle	3.21667925700626
ERR1331848	cfs_giloteaux2016	SFC	Controle	3.90721973917572
ERR1331849	cfs_giloteaux2016	SFC	Controle	2.73551478384231
ERR1331851	cfs_giloteaux2016	SFC	Controle	3.62136824280619
ERR1331859	cfs_giloteaux2016	SFC	Controle	3.31660281151778
ERR1331866	cfs_giloteaux2016	SFC	Controle	3.31710566659599
ERR1331868	cfs_giloteaux2016	SFC	Controle	1.83577839887831
ERR1331869	cfs_giloteaux2016	SFC	Controle	2.3907362327644
ERR1331870	cfs_giloteaux2016	SFC	Controle	4.13391381190263
ERR1331871	cfs_giloteaux2016	SFC	Controle	3.99190202403536
ERR2585973	endo_ata2019	Endometriose	Controle	4.24106514685883
ERR2585974	endo_ata2019	Endometriose	Controle	5.07978293180076
ERR2585976	endo_ata2019	Endometriose	Controle	4.47418694142567
ERR2585977	endo_ata2019	Endometriose	Controle	4.47324539589522
ERR2585978	endo_ata2019	Endometriose	Controle	4.77326553019157
ERR2585979	endo_ata2019	Endometriose	Controle	3.8448292861545
ERR2585980	endo_ata2019	Endometriose	Controle	4.1233365380941
ERR2585981	endo_ata2019	Endometriose	Controle	4.08304550169632
ERR2585982	endo_ata2019	Endometriose	Controle	5.05058490507131
ERR2585983	endo_ata2019	Endometriose	Controle	4.19046324927259
ERR2585984	endo_ata2019	Endometriose	Controle	3.81934997295626
ERR2585985	endo_ata2019	Endometriose	Controle	4.74855934179193
ERR2585989	endo_ata2019	Endometriose	Controle	4.52737201961302
ERR2585962	endo_ata2019	Endometriose	Endometriose	4.62465769200688
ERR2585963	endo_ata2019	Endometriose	Endometriose	4.79544013653449
ERR2585964	endo_ata2019	Endometriose	Endometriose	4.54127398543826
ERR2585965	endo_ata2019	Endometriose	Endometriose	4.58125663337439
ERR2585966	endo_ata2019	Endometriose	Endometriose	1.35551336314671
ERR2585967	endo_ata2019	Endometriose	Endometriose	4.96041714127481
ERR2585968	endo_ata2019	Endometriose	Endometriose	5.33379700962888
ERR2585969	endo_ata2019	Endometriose	Endometriose	4.97461423164535
ERR2585970	endo_ata2019	Endometriose	Endometriose	4.74781821660212
ERR2585971	endo_ata2019	Endometriose	Endometriose	3.95516302297462
ERR2585972	endo_ata2019	Endometriose	Endometriose	4.25499782745603
ERR2585986	endo_ata2019	Endometriose	Endometriose	4.27489731422729
ERR2585987	endo_ata2019	Endometriose	Endometriose	3.58587911600264
ERR2585988	endo_ata2019	Endometriose	Endometriose	4.72726827422438
SRR13994159	endo_wei2023	Endometriose	Controle	4.3000086471212
SRR13994160	endo_wei2023	Endometriose	Controle	3.9842559959874
SRR13994161	endo_wei2023	Endometriose	Controle	3.18282672851961
SRR13994162	endo_wei2023	Endometriose	Controle	4.72880559694714
SRR13994166	endo_wei2023	Endometriose	Controle	3.67738230589799
SRR13994177	endo_wei2023	Endometriose	Controle	4.17737907055313
SRR13994188	endo_wei2023	Endometriose	Controle	4.07070478544164
SRR13994194	endo_wei2023	Endometriose	Controle	3.93229612246505
SRR13994195	endo_wei2023	Endometriose	Controle	3.34588253347602
SRR13994196	endo_wei2023	Endometriose	Controle	3.81864521935586
SRR13994197	endo_wei2023	Endometriose	Controle	3.40568946155732
SRR13994198	endo_wei2023	Endometriose	Controle	4.74540916143606
SRR13994199	endo_wei2023	Endometriose	Controle	3.12916194180225
SRR13994200	endo_wei2023	Endometriose	Controle	2.90061042031542
SRR13994201	endo_wei2023	Endometriose	Controle	3.28508344050884
SRR13994202	endo_wei2023	Endometriose	Controle	3.63739153086567
SRR13994203	endo_wei2023	Endometriose	Controle	3.50260191900262
SRR13994204	endo_wei2023	Endometriose	Controle	4.21283798930598
SRR13994205	endo_wei2023	Endometriose	Controle	4.25482133028393
SRR13994206	endo_wei2023	Endometriose	Controle	3.4863147349007
SRR13994207	endo_wei2023	Endometriose	Controle	3.52070131201862
SRR13994208	endo_wei2023	Endometriose	Controle	4.12862223363455
SRR13994209	endo_wei2023	Endometriose	Controle	4.24471502435785
SRR13994210	endo_wei2023	Endometriose	Controle	3.5783246055568
SRR13994211	endo_wei2023	Endometriose	Controle	3.22690882495776
SRR13994163	endo_wei2023	Endometriose	Endometriose	3.71339750244733
SRR13994164	endo_wei2023	Endometriose	Endometriose	4.81351921718707
SRR13994165	endo_wei2023	Endometriose	Endometriose	2.33625257569849
SRR13994167	endo_wei2023	Endometriose	Endometriose	2.14497712430875
SRR13994168	endo_wei2023	Endometriose	Endometriose	4.31871931903976
SRR13994169	endo_wei2023	Endometriose	Endometriose	4.17151436642801
SRR13994170	endo_wei2023	Endometriose	Endometriose	4.45057996435626
SRR13994171	endo_wei2023	Endometriose	Endometriose	3.38958580060664
SRR13994172	endo_wei2023	Endometriose	Endometriose	4.15662216154992
SRR13994173	endo_wei2023	Endometriose	Endometriose	2.81330723690238
SRR13994174	endo_wei2023	Endometriose	Endometriose	3.88869368225592
SRR13994175	endo_wei2023	Endometriose	Endometriose	4.87670287828468
SRR13994176	endo_wei2023	Endometriose	Endometriose	4.61512129302341
SRR13994178	endo_wei2023	Endometriose	Endometriose	3.80413461604619
SRR13994179	endo_wei2023	Endometriose	Endometriose	4.31073909021085
SRR13994180	endo_wei2023	Endometriose	Endometriose	4.37854257933234
SRR13994181	endo_wei2023	Endometriose	Endometriose	4.45149150553114
SRR13994182	endo_wei2023	Endometriose	Endometriose	3.48428035279891
SRR13994183	endo_wei2023	Endometriose	Endometriose	4.46968717377121
SRR13994184	endo_wei2023	Endometriose	Endometriose	3.13628925008811
SRR13994185	endo_wei2023	Endometriose	Endometriose	4.01632941836452
SRR13994186	endo_wei2023	Endometriose	Endometriose	3.34268269991348
SRR13994187	endo_wei2023	Endometriose	Endometriose	4.00918107322964
SRR13994189	endo_wei2023	Endometriose	Endometriose	4.03981830430128
SRR13994190	endo_wei2023	Endometriose	Endometriose	4.15224824353986
SRR13994191	endo_wei2023	Endometriose	Endometriose	5.05141373242422
SRR13994192	endo_wei2023	Endometriose	Endometriose	4.16484493844235
SRR13994193	endo_wei2023	Endometriose	Endometriose	2.60934347578116
ERR2625059	fbm_garcia2019	FBM	Controle	3.59325429668121
ERR2625061	fbm_garcia2019	FBM	Controle	4.47463471811599
ERR2625063	fbm_garcia2019	FBM	Controle	4.29177793986721
ERR2625067	fbm_garcia2019	FBM	Controle	3.13519322709961
ERR2625069	fbm_garcia2019	FBM	Controle	4.65270389906562
ERR2625071	fbm_garcia2019	FBM	Controle	4.83137785656455
ERR2625073	fbm_garcia2019	FBM	Controle	4.4155095654886
ERR2625085	fbm_garcia2019	FBM	Controle	4.79625839686682
ERR2625087	fbm_garcia2019	FBM	Controle	5.04735685171164
ERR2625091	fbm_garcia2019	FBM	Controle	4.91143172826179
ERR2625093	fbm_garcia2019	FBM	Controle	5.1394671694449
ERR2625095	fbm_garcia2019	FBM	Controle	5.08653006361147
ERR2625101	fbm_garcia2019	FBM	Controle	4.90584128268084
ERR2625105	fbm_garcia2019	FBM	Controle	4.86479560225054
ERR2625109	fbm_garcia2019	FBM	Controle	4.70767415322144
ERR2625111	fbm_garcia2019	FBM	Controle	4.83204645862697
ERR2625117	fbm_garcia2019	FBM	Controle	5.04501567795683
ERR2625121	fbm_garcia2019	FBM	Controle	3.13102765825031
ERR2625127	fbm_garcia2019	FBM	Controle	4.45244485203486
ERR2625129	fbm_garcia2019	FBM	Controle	3.50918493616065
ERR2625145	fbm_garcia2019	FBM	Controle	3.73026166303761
ERR2625151	fbm_garcia2019	FBM	Controle	4.43369939203207
ERR2625157	fbm_garcia2019	FBM	Controle	3.72288205748554
ERR2625159	fbm_garcia2019	FBM	Controle	5.1912812995896
ERR2625058	fbm_garcia2019	FBM	Dor Crônica	4.34248314530891
ERR2625060	fbm_garcia2019	FBM	Dor Crônica	4.64797316288287
ERR2625062	fbm_garcia2019	FBM	Dor Crônica	3.76661069379537
ERR2625064	fbm_garcia2019	FBM	Dor Crônica	3.94582445833501
ERR2625070	fbm_garcia2019	FBM	Dor Crônica	4.14781538165422
ERR2625074	fbm_garcia2019	FBM	Dor Crônica	3.97449371253697
ERR2625078	fbm_garcia2019	FBM	Dor Crônica	4.61546463934402
ERR2625082	fbm_garcia2019	FBM	Dor Crônica	4.33754843952155
ERR2625090	fbm_garcia2019	FBM	Dor Crônica	5.27056904693684
ERR2625102	fbm_garcia2019	FBM	Dor Crônica	3.41049229675511
ERR2625104	fbm_garcia2019	FBM	Dor Crônica	4.87261708022274
ERR2625108	fbm_garcia2019	FBM	Dor Crônica	4.19544716604364
ERR2625110	fbm_garcia2019	FBM	Dor Crônica	3.78234937736916
ERR2625112	fbm_garcia2019	FBM	Dor Crônica	4.87173517672244
ERR2625114	fbm_garcia2019	FBM	Dor Crônica	4.09951446051413
ERR2625120	fbm_garcia2019	FBM	Dor Crônica	2.55705695100525
ERR2625122	fbm_garcia2019	FBM	Dor Crônica	2.87000312100016
ERR2625124	fbm_garcia2019	FBM	Dor Crônica	4.26078143952367
ERR2625126	fbm_garcia2019	FBM	Dor Crônica	4.32734139308954
ERR2625130	fbm_garcia2019	FBM	Dor Crônica	3.55782931500566
ERR2625132	fbm_garcia2019	FBM	Dor Crônica	4.73515367340344
ERR2625136	fbm_garcia2019	FBM	Dor Crônica	4.06482095533894
ERR2625138	fbm_garcia2019	FBM	Dor Crônica	3.55629821188575
ERR2625142	fbm_garcia2019	FBM	Dor Crônica	4.1342879730924
ERR2625150	fbm_garcia2019	FBM	Dor Crônica	3.85534087724396
ERR2625156	fbm_garcia2019	FBM	Dor Crônica	3.73123277990153
ERR2625160	fbm_garcia2019	FBM	Dor Crônica	3.66449070418918
ERR2625164	fbm_garcia2019	FBM	Dor Crônica	3.93816652463794
ERR2625165	fbm_garcia2019	FBM	Dor Crônica	4.35276740642783
ERR2625166	fbm_garcia2019	FBM	Dor Crônica	4.55448029539556
ERR2625167	fbm_garcia2019	FBM	Dor Crônica	5.21049221662346
ERR2625168	fbm_garcia2019	FBM	Dor Crônica	4.09099877113705
ERR2625169	fbm_garcia2019	FBM	Dor Crônica	4.02883237866698
ERR2625170	fbm_garcia2019	FBM	Dor Crônica	3.28801650161123
ERR2625171	fbm_garcia2019	FBM	Dor Crônica	5.09898545531468
ERR2625172	fbm_garcia2019	FBM	Dor Crônica	5.29389450218705
ERR2625173	fbm_garcia2019	FBM	Dor Crônica	2.96002522530216
ERR2625177	fbm_garcia2019	FBM	Dor Crônica	4.7715441278604
ERR2625178	fbm_garcia2019	FBM	Dor Crônica	3.23065068601684
ERR2625180	fbm_garcia2019	FBM	Dor Crônica	4.93520566692967
ERR2625182	fbm_garcia2019	FBM	Dor Crônica	4.19546385133274
ERR2625183	fbm_garcia2019	FBM	Dor Crônica	5.06475799031508
ERR2625184	fbm_garcia2019	FBM	Dor Crônica	3.31901713127564
ERR2625185	fbm_garcia2019	FBM	Dor Crônica	5.27047214864445
ERR2625186	fbm_garcia2019	FBM	Dor Crônica	4.33187472795908
ERR2625187	fbm_garcia2019	FBM	Dor Crônica	4.74728531474734
ERR2625188	fbm_garcia2019	FBM	Dor Crônica	4.04198747726793
ERR2625189	fbm_garcia2019	FBM	Dor Crônica	2.89977715823497
ERR2625190	fbm_garcia2019	FBM	Dor Crônica	3.35134381504011
ERR2625191	fbm_garcia2019	FBM	Dor Crônica	4.91633393266604
ERR2625192	fbm_garcia2019	FBM	Dor Crônica	4.82857277795139
ERR2625193	fbm_garcia2019	FBM	Dor Crônica	5.13542380499507
ERR2625194	fbm_garcia2019	FBM	Dor Crônica	4.54566849622347
ERR2625195	fbm_garcia2019	FBM	Dor Crônica	4.35945668506947
ERR2625196	fbm_garcia2019	FBM	Dor Crônica	3.00363515390219
ERR2625197	fbm_garcia2019	FBM	Dor Crônica	3.70031937955192
ERR2625198	fbm_garcia2019	FBM	Dor Crônica	4.62967506236873
ERR2625199	fbm_garcia2019	FBM	Dor Crônica	4.68862780228875
ERR2625200	fbm_garcia2019	FBM	Dor Crônica	4.36125791663627
ERR2625201	fbm_garcia2019	FBM	Dor Crônica	4.28981066369506
ERR2625202	fbm_garcia2019	FBM	Dor Crônica	4.54787565118418
ERR2625203	fbm_garcia2019	FBM	Dor Crônica	4.0667538094134
ERR2625204	fbm_garcia2019	FBM	Dor Crônica	4.64513120558155
ERR2625205	fbm_garcia2019	FBM	Dor Crônica	3.5103155479253
ERR2625206	fbm_garcia2019	FBM	Dor Crônica	4.23612302705312
ERR2625207	fbm_garcia2019	FBM	Dor Crônica	4.82431336025492
ERR2625208	fbm_garcia2019	FBM	Dor Crônica	4.81149593270952
ERR2625210	fbm_garcia2019	FBM	Dor Crônica	3.83715514543251
ERR2625211	fbm_garcia2019	FBM	Dor Crônica	4.09411912055273
SRR8547757	fbm_minerbi2019	FBM	Controle	4.33989117067461
SRR8547758	fbm_minerbi2019	FBM	Controle	3.76203486859661
SRR8547760	fbm_minerbi2019	FBM	Controle	3.49051342988685
SRR8547763	fbm_minerbi2019	FBM	Controle	4.0439725733491
SRR8547766	fbm_minerbi2019	FBM	Controle	2.41143275730049
SRR8547768	fbm_minerbi2019	FBM	Controle	3.09650610526641
SRR8547771	fbm_minerbi2019	FBM	Controle	4.10205360681696
SRR8547772	fbm_minerbi2019	FBM	Controle	4.34306961365649
SRR8547774	fbm_minerbi2019	FBM	Controle	4.51446779599911
SRR8547775	fbm_minerbi2019	FBM	Controle	4.94458765142868
SRR8547778	fbm_minerbi2019	FBM	Controle	3.53771111023468
SRR8547779	fbm_minerbi2019	FBM	Controle	3.68220647108038
SRR8547781	fbm_minerbi2019	FBM	Controle	3.53412489729825
SRR8547782	fbm_minerbi2019	FBM	Controle	4.96838838962738
SRR8547783	fbm_minerbi2019	FBM	Controle	4.3602972531748
SRR8547785	fbm_minerbi2019	FBM	Controle	3.98249408108956
SRR8547786	fbm_minerbi2019	FBM	Controle	4.02280384098243
SRR8547788	fbm_minerbi2019	FBM	Controle	3.44335728805206
SRR8547793	fbm_minerbi2019	FBM	Controle	3.70319510753788
SRR8547795	fbm_minerbi2019	FBM	Controle	3.83604139010122
SRR8547803	fbm_minerbi2019	FBM	Controle	4.26664862599332
SRR8547806	fbm_minerbi2019	FBM	Controle	4.38874191835738
SRR8547807	fbm_minerbi2019	FBM	Controle	4.15867374313512
SRR8547808	fbm_minerbi2019	FBM	Controle	3.95479620204641
SRR8547809	fbm_minerbi2019	FBM	Controle	4.59277447668533
SRR8547810	fbm_minerbi2019	FBM	Controle	4.57883211850543
SRR8547811	fbm_minerbi2019	FBM	Controle	4.27224446205999
SRR8547812	fbm_minerbi2019	FBM	Controle	3.06274457225908
SRR8547813	fbm_minerbi2019	FBM	Controle	4.8722825663467
SRR8547814	fbm_minerbi2019	FBM	Controle	4.40468004627331
SRR8547816	fbm_minerbi2019	FBM	Controle	4.26482519940105
SRR8547817	fbm_minerbi2019	FBM	Controle	3.889160693824
SRR8547818	fbm_minerbi2019	FBM	Controle	3.75310918576614
SRR8547819	fbm_minerbi2019	FBM	Controle	2.86872543802402
SRR8547820	fbm_minerbi2019	FBM	Controle	2.51767838370385
SRR8547821	fbm_minerbi2019	FBM	Controle	3.95067205065977
SRR8547823	fbm_minerbi2019	FBM	Controle	2.9178274479018
SRR8547825	fbm_minerbi2019	FBM	Controle	2.66755436978519
SRR8547826	fbm_minerbi2019	FBM	Controle	4.61484611293357
SRR8547827	fbm_minerbi2019	FBM	Controle	3.54839575237791
SRR8547828	fbm_minerbi2019	FBM	Controle	3.91623877879553
SRR8547830	fbm_minerbi2019	FBM	Controle	5.01036547738548
SRR8547832	fbm_minerbi2019	FBM	Controle	3.14216060286919
SRR8547834	fbm_minerbi2019	FBM	Controle	2.93108482678276
SRR8547835	fbm_minerbi2019	FBM	Controle	2.85291555254297
SRR8547836	fbm_minerbi2019	FBM	Controle	4.35997154199388
SRR8547837	fbm_minerbi2019	FBM	Controle	4.16847855574869
SRR8547838	fbm_minerbi2019	FBM	Controle	4.96167272179746
SRR8547845	fbm_minerbi2019	FBM	Controle	2.66718834462347
SRR8547846	fbm_minerbi2019	FBM	Controle	4.31434199252529
SRR8547849	fbm_minerbi2019	FBM	Controle	4.85233239425397
SRR8547850	fbm_minerbi2019	FBM	Controle	3.31039700059763
SRR8547851	fbm_minerbi2019	FBM	Controle	3.82470074735968
SRR8547852	fbm_minerbi2019	FBM	Controle	4.5190553072599
SRR8547859	fbm_minerbi2019	FBM	Controle	3.68089906301342
SRR8547860	fbm_minerbi2019	FBM	Controle	3.62807176387409
SRR8547861	fbm_minerbi2019	FBM	Controle	4.28778348906734
SRR8547862	fbm_minerbi2019	FBM	Controle	2.11513189476266
SRR8547864	fbm_minerbi2019	FBM	Controle	2.91720063708504
SRR8547865	fbm_minerbi2019	FBM	Controle	3.85781418185025
SRR8547875	fbm_minerbi2019	FBM	Controle	3.61315905455002
SRR8547876	fbm_minerbi2019	FBM	Controle	4.24826678878368
SRR8547881	fbm_minerbi2019	FBM	Controle	2.1884351204474
SRR8547882	fbm_minerbi2019	FBM	Controle	3.93555856773813
SRR8547883	fbm_minerbi2019	FBM	Controle	3.48182386870559
SRR8547884	fbm_minerbi2019	FBM	Controle	3.12164191551491
SRR8547888	fbm_minerbi2019	FBM	Controle	3.79354249076317
SRR8547890	fbm_minerbi2019	FBM	Controle	3.38164886328475
SRR8547893	fbm_minerbi2019	FBM	Controle	3.31953212950813
SRR8547897	fbm_minerbi2019	FBM	Controle	3.83294123034869
SRR8547898	fbm_minerbi2019	FBM	Controle	2.7584392666192
SRR8547899	fbm_minerbi2019	FBM	Controle	2.16948981525487
SRR8547901	fbm_minerbi2019	FBM	Controle	2.71587189727999
SRR8547902	fbm_minerbi2019	FBM	Controle	3.45943773728799
SRR8547903	fbm_minerbi2019	FBM	Controle	3.35441098196746
SRR8547904	fbm_minerbi2019	FBM	Controle	4.51347147567402
SRR8547906	fbm_minerbi2019	FBM	Controle	4.1648851221905
SRR8547910	fbm_minerbi2019	FBM	Controle	4.76658243160705
SRR8547911	fbm_minerbi2019	FBM	Controle	2.32389554702433
SRR8547759	fbm_minerbi2019	FBM	Dor Crônica	3.58694368975085
SRR8547761	fbm_minerbi2019	FBM	Dor Crônica	3.78210595276753
SRR8547762	fbm_minerbi2019	FBM	Dor Crônica	3.72258105836806
SRR8547764	fbm_minerbi2019	FBM	Dor Crônica	4.49522966111236
SRR8547765	fbm_minerbi2019	FBM	Dor Crônica	4.35294143515956
SRR8547767	fbm_minerbi2019	FBM	Dor Crônica	4.62393637056173
SRR8547769	fbm_minerbi2019	FBM	Dor Crônica	3.13401976924264
SRR8547770	fbm_minerbi2019	FBM	Dor Crônica	4.89043127346525
SRR8547773	fbm_minerbi2019	FBM	Dor Crônica	3.52449460319794
SRR8547776	fbm_minerbi2019	FBM	Dor Crônica	3.6153633269213
SRR8547777	fbm_minerbi2019	FBM	Dor Crônica	5.0586332535188
SRR8547780	fbm_minerbi2019	FBM	Dor Crônica	4.70545615674076
SRR8547784	fbm_minerbi2019	FBM	Dor Crônica	2.59272603294
SRR8547787	fbm_minerbi2019	FBM	Dor Crônica	4.04262726223817
SRR8547789	fbm_minerbi2019	FBM	Dor Crônica	4.18436881140269
SRR8547790	fbm_minerbi2019	FBM	Dor Crônica	3.51435253240887
SRR8547791	fbm_minerbi2019	FBM	Dor Crônica	3.77459506315045
SRR8547792	fbm_minerbi2019	FBM	Dor Crônica	4.00511337132504
SRR8547794	fbm_minerbi2019	FBM	Dor Crônica	4.36201540714599
SRR8547796	fbm_minerbi2019	FBM	Dor Crônica	3.51892188589445
SRR8547797	fbm_minerbi2019	FBM	Dor Crônica	3.88194499490852
SRR8547798	fbm_minerbi2019	FBM	Dor Crônica	2.03434198837697
SRR8547799	fbm_minerbi2019	FBM	Dor Crônica	4.384802797877
SRR8547800	fbm_minerbi2019	FBM	Dor Crônica	3.72359722828827
SRR8547801	fbm_minerbi2019	FBM	Dor Crônica	3.16925775057581
SRR8547802	fbm_minerbi2019	FBM	Dor Crônica	3.15700394898805
SRR8547804	fbm_minerbi2019	FBM	Dor Crônica	4.61492455652215
SRR8547805	fbm_minerbi2019	FBM	Dor Crônica	4.1988299520576
SRR8547815	fbm_minerbi2019	FBM	Dor Crônica	4.00876278732155
SRR8547822	fbm_minerbi2019	FBM	Dor Crônica	2.77267489168961
SRR8547824	fbm_minerbi2019	FBM	Dor Crônica	2.93074178920687
SRR8547829	fbm_minerbi2019	FBM	Dor Crônica	2.52188407303455
SRR8547831	fbm_minerbi2019	FBM	Dor Crônica	3.5248587447965
SRR8547833	fbm_minerbi2019	FBM	Dor Crônica	4.64657881903863
SRR8547839	fbm_minerbi2019	FBM	Dor Crônica	4.39624689557767
SRR8547840	fbm_minerbi2019	FBM	Dor Crônica	3.76670678769847
SRR8547841	fbm_minerbi2019	FBM	Dor Crônica	3.58645407972542
SRR8547842	fbm_minerbi2019	FBM	Dor Crônica	4.31246157665733
SRR8547843	fbm_minerbi2019	FBM	Dor Crônica	4.4063195493472
SRR8547844	fbm_minerbi2019	FBM	Dor Crônica	3.03815042837535
SRR8547847	fbm_minerbi2019	FBM	Dor Crônica	4.1273366914802
SRR8547848	fbm_minerbi2019	FBM	Dor Crônica	4.67363136676969
SRR8547853	fbm_minerbi2019	FBM	Dor Crônica	2.29448111585569
SRR8547854	fbm_minerbi2019	FBM	Dor Crônica	4.31798782069985
SRR8547855	fbm_minerbi2019	FBM	Dor Crônica	3.06457574458821
SRR8547856	fbm_minerbi2019	FBM	Dor Crônica	5.2458944193714
SRR8547857	fbm_minerbi2019	FBM	Dor Crônica	4.28346508717232
SRR8547858	fbm_minerbi2019	FBM	Dor Crônica	4.78446810269028
SRR8547863	fbm_minerbi2019	FBM	Dor Crônica	3.54626353551359
SRR8547866	fbm_minerbi2019	FBM	Dor Crônica	3.21577403541767
SRR8547867	fbm_minerbi2019	FBM	Dor Crônica	4.56358351574175
SRR8547868	fbm_minerbi2019	FBM	Dor Crônica	4.07091780332762
SRR8547869	fbm_minerbi2019	FBM	Dor Crônica	3.66219031586999
SRR8547870	fbm_minerbi2019	FBM	Dor Crônica	4.40575771486028
SRR8547871	fbm_minerbi2019	FBM	Dor Crônica	3.48586344427509
SRR8547872	fbm_minerbi2019	FBM	Dor Crônica	4.05354979703048
SRR8547873	fbm_minerbi2019	FBM	Dor Crônica	3.28982097188844
SRR8547874	fbm_minerbi2019	FBM	Dor Crônica	3.46387824859854
SRR8547877	fbm_minerbi2019	FBM	Dor Crônica	3.60969599834107
SRR8547878	fbm_minerbi2019	FBM	Dor Crônica	3.38586143877566
SRR8547879	fbm_minerbi2019	FBM	Dor Crônica	3.71557587584464
SRR8547880	fbm_minerbi2019	FBM	Dor Crônica	4.30125342280062
SRR8547885	fbm_minerbi2019	FBM	Dor Crônica	3.60660996347751
SRR8547886	fbm_minerbi2019	FBM	Dor Crônica	3.85689284432366
SRR8547887	fbm_minerbi2019	FBM	Dor Crônica	3.41035579104295
SRR8547889	fbm_minerbi2019	FBM	Dor Crônica	4.48265696211423
SRR8547891	fbm_minerbi2019	FBM	Dor Crônica	4.45933212294463
SRR8547892	fbm_minerbi2019	FBM	Dor Crônica	2.42548068999479
SRR8547894	fbm_minerbi2019	FBM	Dor Crônica	3.40578013073485
SRR8547895	fbm_minerbi2019	FBM	Dor Crônica	4.14480222775514
SRR8547896	fbm_minerbi2019	FBM	Dor Crônica	2.64056905983371
SRR8547900	fbm_minerbi2019	FBM	Dor Crônica	3.36031568031249
SRR8547905	fbm_minerbi2019	FBM	Dor Crônica	4.72786789340232
SRR8547907	fbm_minerbi2019	FBM	Dor Crônica	3.9395920009548
SRR8547908	fbm_minerbi2019	FBM	Dor Crônica	1.86948765803411
SRR8547909	fbm_minerbi2019	FBM	Dor Crônica	3.50862511626599
SRR8547912	fbm_minerbi2019	FBM	Dor Crônica	3.0404950845635
SRR18588324	ibs_jacobs2023	SII	Controle	2.1185279428702
SRR18588325	ibs_jacobs2023	SII	Controle	3.53484575974437
SRR18588326	ibs_jacobs2023	SII	Controle	3.9351724122097
SRR18588328	ibs_jacobs2023	SII	Controle	3.02438262986862
SRR18588330	ibs_jacobs2023	SII	Controle	3.27468570107152
SRR18588334	ibs_jacobs2023	SII	Controle	4.55775918645301
SRR18588337	ibs_jacobs2023	SII	Controle	1.8739738744661
SRR18588338	ibs_jacobs2023	SII	Controle	4.26647767197519
SRR18588341	ibs_jacobs2023	SII	Controle	2.70384108736839
SRR18588342	ibs_jacobs2023	SII	Controle	4.40988605044866
SRR18588346	ibs_jacobs2023	SII	Controle	3.45314399344557
SRR18588350	ibs_jacobs2023	SII	Controle	3.97885125616174
SRR18588421	ibs_jacobs2023	SII	Controle	3.3659926165774
SRR18588423	ibs_jacobs2023	SII	Controle	2.07169629818264
SRR18588424	ibs_jacobs2023	SII	Controle	2.79782896423141
SRR18588427	ibs_jacobs2023	SII	Controle	1.47796269604837
SRR18588437	ibs_jacobs2023	SII	Controle	2.03488901725691
SRR18588452	ibs_jacobs2023	SII	Controle	4.7064286718797
SRR18588469	ibs_jacobs2023	SII	Controle	3.68190510693444
SRR18588470	ibs_jacobs2023	SII	Controle	2.64080144788676
SRR18588471	ibs_jacobs2023	SII	Controle	4.46099950663301
SRR18588472	ibs_jacobs2023	SII	Controle	1.9925917312768
SRR18588473	ibs_jacobs2023	SII	Controle	2.69014995614331
SRR18588474	ibs_jacobs2023	SII	Controle	4.04421082009807
SRR18588475	ibs_jacobs2023	SII	Controle	3.73026110823132
SRR18588476	ibs_jacobs2023	SII	Controle	5.0066871552766
SRR18588477	ibs_jacobs2023	SII	Controle	3.40381086540153
SRR18588478	ibs_jacobs2023	SII	Controle	3.47717731269112
SRR18588480	ibs_jacobs2023	SII	Controle	4.17678008382064
SRR18588483	ibs_jacobs2023	SII	Controle	3.03071401879522
SRR18588484	ibs_jacobs2023	SII	Controle	3.73057265734697
SRR18588486	ibs_jacobs2023	SII	Controle	2.88165435917133
SRR18588487	ibs_jacobs2023	SII	Controle	3.57566849884374
SRR18588488	ibs_jacobs2023	SII	Controle	3.08898289468857
SRR18588489	ibs_jacobs2023	SII	Controle	2.92331532814439
SRR18588491	ibs_jacobs2023	SII	Controle	2.34058632282554
SRR18588492	ibs_jacobs2023	SII	Controle	3.17176081676545
SRR18588493	ibs_jacobs2023	SII	Controle	2.69489754393962
SRR18588494	ibs_jacobs2023	SII	Controle	3.18839396789654
SRR18588495	ibs_jacobs2023	SII	Controle	3.87657366047825
SRR18588496	ibs_jacobs2023	SII	Controle	2.71697035926268
SRR18588498	ibs_jacobs2023	SII	Controle	3.62144416640561
SRR18588499	ibs_jacobs2023	SII	Controle	2.65418435266385
SRR18588500	ibs_jacobs2023	SII	Controle	4.19158218326238
SRR18588677	ibs_jacobs2023	SII	Controle	3.43151111363132
SRR18588678	ibs_jacobs2023	SII	Controle	2.04597813581888
SRR18588783	ibs_jacobs2023	SII	Controle	3.30460558901645
SRR18588785	ibs_jacobs2023	SII	Controle	3.89815137136553
SRR18588789	ibs_jacobs2023	SII	Controle	4.57824284725425
SRR18588803	ibs_jacobs2023	SII	Controle	2.78337858633266
SRR18588822	ibs_jacobs2023	SII	Controle	1.38643302054503
SRR18588832	ibs_jacobs2023	SII	Controle	3.0352967086623
SRR18588931	ibs_jacobs2023	SII	Controle	1.51386792227927
SRR18588932	ibs_jacobs2023	SII	Controle	3.19884320385068
SRR18588934	ibs_jacobs2023	SII	Controle	3.21889947083793
SRR18588935	ibs_jacobs2023	SII	Controle	2.94361510376249
SRR18588936	ibs_jacobs2023	SII	Controle	4.12960113793043
SRR18588937	ibs_jacobs2023	SII	Controle	2.94388835641998
SRR18588938	ibs_jacobs2023	SII	Controle	4.05323885771791
SRR18588939	ibs_jacobs2023	SII	Controle	4.49533085417674
SRR18588941	ibs_jacobs2023	SII	Controle	3.79320189616148
SRR18588942	ibs_jacobs2023	SII	Controle	2.89562269614982
SRR18588943	ibs_jacobs2023	SII	Controle	3.81991423452235
SRR18588944	ibs_jacobs2023	SII	Controle	2.68916846642237
SRR18588945	ibs_jacobs2023	SII	Controle	3.93996902656099
SRR18588946	ibs_jacobs2023	SII	Controle	3.43903654024593
SRR18588947	ibs_jacobs2023	SII	Controle	2.92909706614031
SRR18588948	ibs_jacobs2023	SII	Controle	3.40915825020818
SRR18588949	ibs_jacobs2023	SII	Controle	4.45624387792364
SRR18588950	ibs_jacobs2023	SII	Controle	3.5985224935471
SRR18588953	ibs_jacobs2023	SII	Controle	2.07275118608191
SRR18588954	ibs_jacobs2023	SII	Controle	3.18990351534924
SRR18588955	ibs_jacobs2023	SII	Controle	4.42735442726339
SRR18588956	ibs_jacobs2023	SII	Controle	2.95424640082301
SRR18588957	ibs_jacobs2023	SII	Controle	4.66691280669269
SRR18588958	ibs_jacobs2023	SII	Controle	2.16163798747321
SRR18588959	ibs_jacobs2023	SII	Controle	3.00390057160605
SRR18588963	ibs_jacobs2023	SII	Controle	1.39221335090922
SRR18588965	ibs_jacobs2023	SII	Controle	4.1646074035586
SRR18588966	ibs_jacobs2023	SII	Controle	4.1375178323185
SRR18588967	ibs_jacobs2023	SII	Controle	4.17045609331182
SRR18588969	ibs_jacobs2023	SII	Controle	3.78572937176423
SRR18588970	ibs_jacobs2023	SII	Controle	3.45713303077116
SRR18588971	ibs_jacobs2023	SII	Controle	4.04346018670206
SRR18588979	ibs_jacobs2023	SII	Controle	5.59773920882698
SRR18588980	ibs_jacobs2023	SII	Controle	4.47343394192383
SRR18588983	ibs_jacobs2023	SII	Controle	5.62058072289352
SRR18588984	ibs_jacobs2023	SII	Controle	5.36082291244588
SRR18588985	ibs_jacobs2023	SII	Controle	5.4538077058729
SRR18588987	ibs_jacobs2023	SII	Controle	4.88739118417447
SRR18588988	ibs_jacobs2023	SII	Controle	5.05448496097095
SRR18588992	ibs_jacobs2023	SII	Controle	4.32080572562015
SRR18588994	ibs_jacobs2023	SII	Controle	2.55086890912729
SRR18589033	ibs_jacobs2023	SII	Controle	3.44376360804328
SRR18589051	ibs_jacobs2023	SII	Controle	3.23906459689362
SRR18588258	ibs_jacobs2023	SII	Dor Crônica	4.10891429164739
SRR18588817	ibs_jacobs2023	SII	Dor Crônica	3.76937213312473
SRR18588818	ibs_jacobs2023	SII	Dor Crônica	3.48941575847661
SRR18588820	ibs_jacobs2023	SII	Dor Crônica	2.19652671715492
SRR18588824	ibs_jacobs2023	SII	Dor Crônica	3.05331237884398
SRR18588825	ibs_jacobs2023	SII	Dor Crônica	4.00300468810258
SRR18588826	ibs_jacobs2023	SII	Dor Crônica	2.5761153962079
SRR18588827	ibs_jacobs2023	SII	Dor Crônica	4.10649304502717
SRR18588828	ibs_jacobs2023	SII	Dor Crônica	3.78729531997598
SRR18589062	ibs_jacobs2023	SII	Dor Crônica	4.91756514376838
SRR18589063	ibs_jacobs2023	SII	Dor Crônica	2.77958798641758
SRR18589066	ibs_jacobs2023	SII	Dor Crônica	3.29652932614363
SRR13247365C	ibs_vork2021	SII	Controle	4.81253908127569
SRR13247372C	ibs_vork2021	SII	Controle	4.57923702781446
SRR13247410C	ibs_vork2021	SII	Controle	4.13561484390756
SRR13247414C	ibs_vork2021	SII	Controle	4.54379840542405
SRR13247420C	ibs_vork2021	SII	Controle	5.28868722432859
SRR13247432C	ibs_vork2021	SII	Controle	3.18317031206428
SRR13247439C	ibs_vork2021	SII	Controle	4.12739160638675
SRR13247459C	ibs_vork2021	SII	Controle	3.96415554370089
SRR13247464C	ibs_vork2021	SII	Controle	4.50923543437093
SRR13247365	ibs_vork2021	SII	Dor Crônica	4.804974168367
SRR13247372	ibs_vork2021	SII	Dor Crônica	4.55706565302704
SRR13247410	ibs_vork2021	SII	Dor Crônica	4.12803393454171
SRR13247414	ibs_vork2021	SII	Dor Crônica	4.53438629165967
SRR13247420	ibs_vork2021	SII	Dor Crônica	5.27693931899906
SRR13247432	ibs_vork2021	SII	Dor Crônica	3.16310785901446
SRR13247439	ibs_vork2021	SII	Dor Crônica	4.14712588036297
SRR13247459	ibs_vork2021	SII	Dor Crônica	3.95311492102269
SRR13247464	ibs_vork2021	SII	Dor Crônica	4.51328005637779
